https://media2.bulavka.uz/Nq7JSIfnAZC505036zAd_m1s82M=/fit-in/220x260/products/PUsSJyk13Q/input.jpeg,Reebok,670 000,800 000,1
https://media2.bulavka.uz/3hPwx9mjR1swmvNjjMe30Hqb5V4=/fit-in/220x260/products/zrfBr61RVE/input.jpeg,SKECHERS SKLX,836 000,1000 000,2
https://media2.bulavka.uz/xVQAHDGha2SjRxslf9QNZdYcoKc=/fit-in/220x260/products/F2iWug6C5r/input.jpeg,JORDAN ZOOM 92 OLYMPIC,1900 000,2000 000,3
https://media2.bulavka.uz/Nq7JSIfnAZC505036zAd_m1s82M=/fit-in/220x260/products/PUsSJyk13Q/input.jpeg,Reebok,670 000,800 000,1
https://media2.bulavka.uz/3hPwx9mjR1swmvNjjMe30Hqb5V4=/fit-in/220x260/products/zrfBr61RVE/input.jpeg,SKECHERS SKLX,836 000,1000 000,2
https://media2.bulavka.uz/xVQAHDGha2SjRxslf9QNZdYcoKc=/fit-in/220x260/products/F2iWug6C5r/input.jpeg,JORDAN ZOOM 92 OLYMPIC,1900 000,2000 000,3
https://media2.bulavka.uz/Nq7JSIfnAZC505036zAd_m1s82M=/fit-in/220x260/products/PUsSJyk13Q/input.jpeg,Reebok,670 000,800 000,1
https://media2.bulavka.uz/3hPwx9mjR1swmvNjjMe30Hqb5V4=/fit-in/220x260/products/zrfBr61RVE/input.jpeg,SKECHERS SKLX,836 000,1000 000,2
https://media2.bulavka.uz/xVQAHDGha2SjRxslf9QNZdYcoKc=/fit-in/220x260/products/F2iWug6C5r/input.jpeg,JORDAN ZOOM 92 OLYMPIC,1900 000,2000 000,3
https://media2.bulavka.uz/Nq7JSIfnAZC505036zAd_m1s82M=/fit-in/220x260/products/PUsSJyk13Q/input.jpeg,Reebok,670 000,800 000,1
https://media2.bulavka.uz/3hPwx9mjR1swmvNjjMe30Hqb5V4=/fit-in/220x260/products/zrfBr61RVE/input.jpeg,SKECHERS SKLX,836 000,1000 000,2
https://media2.bulavka.uz/xVQAHDGha2SjRxslf9QNZdYcoKc=/fit-in/220x260/products/F2iWug6C5r/input.jpeg,JORDAN ZOOM 92 OLYMPIC,1900 000,2000 000,3
https://media2.bulavka.uz/Nq7JSIfnAZC505036zAd_m1s82M=/fit-in/220x260/products/PUsSJyk13Q/input.jpeg,Reebok,670 000,800 000,1
https://media2.bulavka.uz/3hPwx9mjR1swmvNjjMe30Hqb5V4=/fit-in/220x260/products/zrfBr61RVE/input.jpeg,SKECHERS SKLX,836 000,1000 000,2
https://media2.bulavka.uz/xVQAHDGha2SjRxslf9QNZdYcoKc=/fit-in/220x260/products/F2iWug6C5r/input.jpeg,JORDAN ZOOM192 OLYMPIC,1900 000,2000 000,3




